{
  "metrics": {
    "model": "openai/gpt-oss-safeguard-20b",
    "language": null,
    "duration": 5.813965958019253,
    "total_requests": 100,
    "successful_requests": 100,
    "failed_requests": 0,
    "total_prompt_tokens": 8130,
    "total_completion_tokens": 28492,
    "total_tokens": 36622,
    "request_throughput": 17.199963109874965,
    "prompt_token_throughput": 1398.3570008328345,
    "completion_token_throughput": 4900.613489265575,
    "total_token_throughput": 6298.970490098409,
    "ttft_stats": {
      "mean": 0.3248488287325017,
      "median": 0.21573002051445656,
      "std": 0.2180370712224057,
      "min": 0.14960158400936052,
      "max": 1.3018782080034725,
      "percentiles": {
        "1": 0.15099954616685862,
        "5": 0.16015392974950374,
        "10": 0.16573860438656993,
        "25": 0.18438244752178434,
        "50": 0.21573002051445656,
        "75": 0.38424064598802943,
        "90": 0.7027111044735648,
        "95": 0.7332872958359076,
        "99": 0.7995984915451871
      }
    },
    "e2el_stats": {
      "mean": 0.5530913666571723,
      "median": 0.342045187484473,
      "std": 0.43050848962645155,
      "min": 0.16782737500034273,
      "max": 1.7594252499984577,
      "percentiles": {
        "1": 0.1689350206742529,
        "5": 0.17648546070267912,
        "10": 0.18829496699618176,
        "25": 0.2166022294695722,
        "50": 0.342045187484473,
        "75": 0.7513015834992984,
        "90": 1.233973945799517,
        "95": 1.3820949020591795,
        "99": 1.6762367458752128
      }
    },
    "tpot_stats": {
      "mean": 0.0010671710484987562,
      "median": 0.0010074155641926139,
      "std": 0.0005818196171826063,
      "min": 3.568237298168242e-05,
      "max": 0.004385253732008013,
      "percentiles": {
        "1": 3.6603778908361815e-05,
        "5": 0.0003986469013475333,
        "10": 0.0007300000283232128,
        "25": 0.0008823773187065949,
        "50": 0.0010074155641926139,
        "75": 0.0010539531494792682,
        "90": 0.001378476165700704,
        "95": 0.001727336580833334,
        "99": 0.0033478275043043277
      }
    },
    "itl_stats": {
      "mean": 0.0010164450678333782,
      "median": 5.620904266834259e-05,
      "std": 0.0023056141922231737,
      "min": 2.579198917374015e-05,
      "max": 0.05077999999048188,
      "percentiles": {
        "1": 2.9957969672977924e-05,
        "5": 3.1791976653039455e-05,
        "10": 3.3333024475723505e-05,
        "25": 5.0916976761072874e-05,
        "50": 5.620904266834259e-05,
        "75": 0.0005783959932159632,
        "90": 0.0037255163537338394,
        "95": 0.005302779428893699,
        "99": 0.0088820545107592
      }
    },
    "queue_time_stats": null,
    "cache_hit_count": 0,
    "cache_hit_rate": 0.0
  },
  "timestamp": "2025-11-09 22:00:02"
}