{
  "metrics": {
    "model": "openai/gpt-oss-safeguard-20b",
    "language": null,
    "duration": 6.3959187919972464,
    "total_requests": 100,
    "successful_requests": 100,
    "failed_requests": 0,
    "total_prompt_tokens": 8875,
    "total_completion_tokens": 29338,
    "total_tokens": 38213,
    "request_throughput": 15.634970244638318,
    "prompt_token_throughput": 1387.6036092116506,
    "completion_token_throughput": 4586.98757037199,
    "total_token_throughput": 5974.59117958364,
    "ttft_stats": {
      "mean": 0.2922450494993245,
      "median": 0.24142543799825944,
      "std": 0.17084226770630517,
      "min": 0.16321137500926852,
      "max": 1.169374791032169,
      "percentiles": {
        "1": 0.16664886091661174,
        "5": 0.17087148361315485,
        "10": 0.17662825388251804,
        "25": 0.18993380149186123,
        "50": 0.24142543799825944,
        "75": 0.3103261145151919,
        "90": 0.4562782789289486,
        "95": 0.712583677729708,
        "99": 0.8276744347310176
      }
    },
    "e2el_stats": {
      "mean": 0.5272396857966669,
      "median": 0.3089815205312334,
      "std": 0.46337059461518837,
      "min": 0.18052949995035306,
      "max": 2.2416606660117395,
      "percentiles": {
        "1": 0.18162666744901798,
        "5": 0.19098395660112147,
        "10": 0.19492446698714047,
        "25": 0.21989634371129796,
        "50": 0.3089815205312334,
        "75": 0.661726823222125,
        "90": 1.2743332538113468,
        "95": 1.5165049107425146,
        "99": 1.8143905270285927
      }
    },
    "tpot_stats": {
      "mean": 0.0010074335263922532,
      "median": 0.0010255385894350848,
      "std": 0.00039694720192440095,
      "min": 4.918936280195009e-05,
      "max": 0.0031307727278379553,
      "percentiles": {
        "1": 5.210689374838363e-05,
        "5": 0.00040681612947744065,
        "10": 0.0006011834100883623,
        "25": 0.000866310590274886,
        "50": 0.0010255385894350848,
        "75": 0.0011007405661406333,
        "90": 0.0012464330097745095,
        "95": 0.0016116475107000124,
        "99": 0.0024230165063107256
      }
    },
    "itl_stats": {
      "mean": 0.001031254894169125,
      "median": 5.720800254493952e-05,
      "std": 0.002352414808579555,
      "min": 2.6833033189177513e-05,
      "max": 0.052311916020698845,
      "percentiles": {
        "1": 3.070896491408348e-05,
        "5": 3.2999960239976645e-05,
        "10": 3.508297959342599e-05,
        "25": 5.216698627918959e-05,
        "50": 5.720800254493952e-05,
        "75": 0.0005840104713570327,
        "90": 0.003819191706134006,
        "95": 0.005479941444355059,
        "99": 0.008864048843970447
      }
    },
    "queue_time_stats": null,
    "cache_hit_count": 0,
    "cache_hit_rate": 0.0
  },
  "timestamp": "2025-11-09 22:00:23"
}