{
  "metrics": {
    "model": "llama-3.1-8b-instant",
    "language": "en",
    "duration": 16.12405183300143,
    "total_requests": 100,
    "successful_requests": 100,
    "failed_requests": 0,
    "total_prompt_tokens": 4543,
    "total_completion_tokens": 34636,
    "total_tokens": 39179,
    "request_throughput": 6.201915066740726,
    "prompt_token_throughput": 281.7530014820312,
    "completion_token_throughput": 2148.095302516318,
    "total_token_throughput": 2429.8483039983494,
    "ttft_stats": {
      "mean": 0.154270366251003,
      "median": 0.14484402097878046,
      "std": 0.03380333575482228,
      "min": 0.13081645796773955,
      "max": 0.3006440000026487,
      "percentiles": {
        "1": 0.13228660902008416,
        "5": 0.1350813274446409,
        "10": 0.13786963369930164,
        "25": 0.13969049973820802,
        "50": 0.14484402097878046,
        "75": 0.15010284376330674,
        "90": 0.16385064639034683,
        "95": 0.25426105352235023,
        "99": 0.29633106500841677
      }
    },
    "e2el_stats": {
      "mean": 0.6726060791418422,
      "median": 0.736988687509438,
      "std": 0.40440745364995756,
      "min": 0.14650191698456183,
      "max": 1.9991423329920508,
      "percentiles": {
        "1": 0.14661015667545144,
        "5": 0.16328976282384247,
        "10": 0.1702979167283047,
        "25": 0.21195550000993535,
        "50": 0.736988687509438,
        "75": 0.9631627607595874,
        "90": 1.1709496250201485,
        "95": 1.2789127520518377,
        "99": 1.595005276494196
      }
    },
    "tpot_stats": {
      "mean": 0.0015085146354327625,
      "median": 0.001489996476107919,
      "std": 0.0004831426068506892,
      "min": 3.684782574925086e-05,
      "max": 0.003870250002364628,
      "percentiles": {
        "1": 4.399034446459669e-05,
        "5": 0.0009355312323047353,
        "10": 0.0010501083769683135,
        "25": 0.0011845216569975055,
        "50": 0.001489996476107919,
        "75": 0.0017512871612975016,
        "90": 0.0019448062007728915,
        "95": 0.002271567664543919,
        "99": 0.002804408527430971
      }
    },
    "itl_stats": {
      "mean": 0.0014972614948002632,
      "median": 5.470900214277208e-05,
      "std": 0.0033251737581159696,
      "min": 2.6124995201826096e-05,
      "max": 0.07691058301134035,
      "percentiles": {
        "1": 2.9098361846990883e-05,
        "5": 3.0739756766706705e-05,
        "10": 3.162497887387872e-05,
        "25": 3.3791002351790667e-05,
        "50": 5.470900214277208e-05,
        "75": 0.0011331562418490648,
        "90": 0.005786291498225182,
        "95": 0.008006812742678449,
        "99": 0.013320225098868835
      }
    },
    "queue_time_stats": null,
    "cache_hit_count": 0,
    "cache_hit_rate": 0.0
  },
  "timestamp": "2025-11-09 22:03:41"
}