{
  "metrics": {
    "model": "llama-3.1-8b-instant",
    "language": "ja",
    "duration": 16.12405183300143,
    "total_requests": 100,
    "successful_requests": 100,
    "failed_requests": 0,
    "total_prompt_tokens": 5161,
    "total_completion_tokens": 37196,
    "total_tokens": 42357,
    "request_throughput": 6.201915066740726,
    "prompt_token_throughput": 320.08083659448886,
    "completion_token_throughput": 2306.8643282248804,
    "total_token_throughput": 2626.9451648193694,
    "ttft_stats": {
      "mean": 0.1551709641609341,
      "median": 0.1454958750109654,
      "std": 0.031535598006661815,
      "min": 0.13449583400506526,
      "max": 0.2911169169819914,
      "percentiles": {
        "1": 0.13491043711837847,
        "5": 0.13661757711379324,
        "10": 0.1373630041780416,
        "25": 0.14136222924571484,
        "50": 0.1454958750109654,
        "75": 0.15318293702148367,
        "90": 0.17041016637231227,
        "95": 0.2559111497161211,
        "99": 0.2796731763205026
      }
    },
    "e2el_stats": {
      "mean": 0.8562428037676727,
      "median": 0.8253585209895391,
      "std": 0.4353272145757773,
      "min": 0.15831625001737848,
      "max": 2.203630083007738,
      "percentiles": {
        "1": 0.17548899592133238,
        "5": 0.22395331599982454,
        "10": 0.2972844413714483,
        "25": 0.5176638234843267,
        "50": 0.8253585209895391,
        "75": 1.1365654889959842,
        "90": 1.3949582378205378,
        "95": 1.6496135868685085,
        "99": 2.02451363205677
      }
    },
    "tpot_stats": {
      "mean": 0.001979117801847933,
      "median": 0.0019862287505188316,
      "std": 0.00029833382966152754,
      "min": 0.0011291229475825044,
      "max": 0.003025147463911428,
      "percentiles": {
        "1": 0.0012353218353732846,
        "5": 0.0015288269495273188,
        "10": 0.0016193825284849472,
        "25": 0.0017729374292074856,
        "50": 0.0019862287505188316,
        "75": 0.0021917547739104958,
        "90": 0.002293816662364765,
        "95": 0.002380069522244551,
        "99": 0.0027930676964416108
      }
    },
    "itl_stats": {
      "mean": 0.0019234034163475105,
      "median": 5.929201142862439e-05,
      "std": 0.003716359027071975,
      "min": 2.662499900907278e-05,
      "max": 0.21324949996778741,
      "percentiles": {
        "1": 2.9999995604157448e-05,
        "5": 3.1791976653039455e-05,
        "10": 3.270898014307022e-05,
        "25": 3.5792007111012936e-05,
        "50": 5.929201142862439e-05,
        "75": 0.002943188010249287,
        "90": 0.006712783803232014,
        "95": 0.008757458277978004,
        "99": 0.014582296032458534
      }
    },
    "queue_time_stats": null,
    "cache_hit_count": 0,
    "cache_hit_rate": 0.0
  },
  "timestamp": "2025-11-09 22:03:41"
}