{
  "metrics": {
    "model": "openai/gpt-oss-safeguard-20b",
    "language": "ja",
    "duration": 86.56568716699257,
    "total_requests": 100,
    "successful_requests": 100,
    "failed_requests": 0,
    "total_prompt_tokens": 8875,
    "total_completion_tokens": 30008,
    "total_tokens": 38883,
    "request_throughput": 1.1551921237232425,
    "prompt_token_throughput": 102.52330098043778,
    "completion_token_throughput": 346.65005248687066,
    "total_token_throughput": 449.1733534673084,
    "ttft_stats": {
      "mean": 0.2084447958471719,
      "median": 0.16748175001703203,
      "std": 0.13039704215784476,
      "min": 0.14095808303682134,
      "max": 1.0193662500241771,
      "percentiles": {
        "1": 0.14549022085557226,
        "5": 0.14852899550751317,
        "10": 0.15087630028137938,
        "25": 0.15508501073054504,
        "50": 0.16748175001703203,
        "75": 0.19689918697986286,
        "90": 0.24530470869503973,
        "95": 0.5185414205392589,
        "99": 0.7805398052989052
      }
    },
    "e2el_stats": {
      "mean": 0.4376285425393144,
      "median": 0.21640229149488732,
      "std": 0.4220793329945213,
      "min": 0.15765745902899653,
      "max": 2.118223665980622,
      "percentiles": {
        "1": 0.15813604088965805,
        "5": 0.16525593187543564,
        "10": 0.16708141700364648,
        "25": 0.17670517729129642,
        "50": 0.21640229149488732,
        "75": 0.5651649270148482,
        "90": 1.1740087625221352,
        "95": 1.3148044527566527,
        "99": 1.810355199464249
      }
    },
    "tpot_stats": {
      "mean": 0.0011096485560394625,
      "median": 0.0010086442782455184,
      "std": 0.0006602814837873489,
      "min": 5.511736327951605e-05,
      "max": 0.0050767197284254835,
      "percentiles": {
        "1": 0.00014915242097975518,
        "5": 0.00023793560533456252,
        "10": 0.000728702248306945,
        "25": 0.0009616812628534188,
        "50": 0.0010086442782455184,
        "75": 0.0010777055258468073,
        "90": 0.0013636890629475768,
        "95": 0.0024871399903945114,
        "99": 0.003886259667236703
      }
    },
    "itl_stats": {
      "mean": 0.0010052780427454845,
      "median": 0.00020091701298952103,
      "std": 0.0027381445330310165,
      "min": 2.679100725799799e-05,
      "max": 0.11018845799844712,
      "percentiles": {
        "1": 3.220840124413371e-05,
        "5": 5.2657804917544124e-05,
        "10": 6.241698283702136e-05,
        "25": 0.00012158299796283245,
        "50": 0.00020091701298952103,
        "75": 0.0009934579720720649,
        "90": 0.0026087249862030153,
        "95": 0.004202966042794288,
        "99": 0.009509554742835435
      }
    },
    "queue_time_stats": {
      "mean": 0.049071864599999994,
      "median": 0.047385821,
      "std": 0.006283011649653367,
      "min": 0.046496132,
      "max": 0.107748087,
      "percentiles": {
        "1": 0.04658654078,
        "5": 0.04683492735,
        "10": 0.046927010000000005,
        "25": 0.047096895,
        "50": 0.047385821,
        "75": 0.048217315250000004,
        "90": 0.052495102700000004,
        "95": 0.052570490000000004,
        "99": 0.053290094730000286
      }
    },
    "prompt_time_stats": {
      "mean": 0.00426656967,
      "median": 0.0042260514999999995,
      "std": 0.00038657735905347725,
      "min": 0.003633771,
      "max": 0.005425663,
      "percentiles": {
        "1": 0.00363605592,
        "5": 0.0037762675500000002,
        "10": 0.0037824408,
        "25": 0.0039327,
        "50": 0.0042260514999999995,
        "75": 0.004518117,
        "90": 0.004675256,
        "95": 0.004825580849999999,
        "99": 0.00538383451
      }
    },
    "completion_time_stats": {
      "mean": 0.29524091622999993,
      "median": 0.06527738050000001,
      "std": 0.4238193226620665,
      "min": 0.028636568,
      "max": 1.9733965549999999,
      "percentiles": {
        "1": 0.02943356651,
        "5": 0.0313265563,
        "10": 0.0341283295,
        "25": 0.037311737,
        "50": 0.06527738050000001,
        "75": 0.43533396425,
        "90": 1.0428020651,
        "95": 1.17205946375,
        "99": 1.6725034087100015
      }
    },
    "server_total_time_stats": {
      "mean": 0.2995074859,
      "median": 0.069138887,
      "std": 0.42371651594092136,
      "min": 0.032559243,
      "max": 1.9774791189999998,
      "percentiles": {
        "1": 0.033804745170000004,
        "5": 0.03555604905,
        "10": 0.0385130877,
        "25": 0.041854093,
        "50": 0.069138887,
        "75": 0.4401390535,
        "90": 1.0465855509,
        "95": 1.1761339209,
        "99": 1.6765836561100014
      }
    },
    "network_time_stats": {
      "mean": 0.13812105663931437,
      "median": 0.1324146039918072,
      "std": 0.020008112628957478,
      "min": 0.12257455998863415,
      "max": 0.23103801703155694,
      "percentiles": {
        "1": 0.1228135093720339,
        "5": 0.12451745642574416,
        "10": 0.12521559838407234,
        "25": 0.12742548922741945,
        "50": 0.1324146039918072,
        "75": 0.13803459353130096,
        "90": 0.15922924238299935,
        "95": 0.185784480706588,
        "99": 0.22830183517239824
      }
    },
    "cache_hit_count": 0,
    "cache_hit_rate": 0.0
  },
  "timestamp": "2025-11-09 22:33:27"
}