{
  "metrics": {
    "model": "openai/gpt-oss-safeguard-20b",
    "language": "en",
    "duration": 86.56568716699257,
    "total_requests": 100,
    "successful_requests": 100,
    "failed_requests": 0,
    "total_prompt_tokens": 8130,
    "total_completion_tokens": 28466,
    "total_tokens": 36596,
    "request_throughput": 1.1551921237232425,
    "prompt_token_throughput": 93.91711965869962,
    "completion_token_throughput": 328.83698993905824,
    "total_token_throughput": 422.75410959775786,
    "ttft_stats": {
      "mean": 0.2072590557980584,
      "median": 0.16265483299503103,
      "std": 0.16282504510782028,
      "min": 0.1402499590185471,
      "max": 1.2617342080338858,
      "percentiles": {
        "1": 0.14259106050129047,
        "5": 0.14601460835838226,
        "10": 0.14764187441323884,
        "25": 0.15296934399520978,
        "50": 0.16265483299503103,
        "75": 0.1866641144733876,
        "90": 0.25363559519755663,
        "95": 0.44005223333369925,
        "99": 1.1148311601852774
      }
    },
    "e2el_stats": {
      "mean": 0.42713440788851587,
      "median": 0.19918410398531705,
      "std": 0.41954770011490194,
      "min": 0.1543343340163119,
      "max": 1.8473048330051824,
      "percentiles": {
        "1": 0.15666281301819254,
        "5": 0.16109817920951172,
        "10": 0.16387219583266416,
        "25": 0.17452204172150232,
        "50": 0.19918410398531705,
        "75": 0.5354486774740508,
        "90": 1.1427108290896286,
        "95": 1.3153747997130263,
        "99": 1.6724276857852247
      }
    },
    "tpot_stats": {
      "mean": 0.0010942862668059873,
      "median": 0.0009879755643702082,
      "std": 0.0006614202274508539,
      "min": 4.0799268225038595e-05,
      "max": 0.0038667992762797935,
      "percentiles": {
        "1": 0.00011606880428206006,
        "5": 0.00022187440269838343,
        "10": 0.0004943151728366502,
        "25": 0.0009242320467654447,
        "50": 0.0009879755643702082,
        "75": 0.0011380368047288027,
        "90": 0.001550674647494982,
        "95": 0.001923550978641615,
        "99": 0.0037741667729146275
      }
    },
    "itl_stats": {
      "mean": 0.0010016490423496748,
      "median": 0.0001842500059865415,
      "std": 0.0030064688700517936,
      "min": 2.6667024940252304e-05,
      "max": 0.18285920895868912,
      "percentiles": {
        "1": 3.179173916578293e-05,
        "5": 5.075003718957305e-05,
        "10": 5.723318317905068e-05,
        "25": 0.00011116598034277558,
        "50": 0.0001842500059865415,
        "75": 0.001055459026247263,
        "90": 0.00263305037515238,
        "95": 0.004380241804756225,
        "99": 0.009511674989480577
      }
    },
    "queue_time_stats": {
      "mean": 0.050672000550000006,
      "median": 0.0476633125,
      "std": 0.011761163680943862,
      "min": 0.046664356,
      "max": 0.139299056,
      "percentiles": {
        "1": 0.04677949597,
        "5": 0.04684937455,
        "10": 0.046934877400000005,
        "25": 0.04716816325,
        "50": 0.0476633125,
        "75": 0.05225909475,
        "90": 0.052545112399999996,
        "95": 0.052611785700000004,
        "99": 0.12260434940000009
      }
    },
    "prompt_time_stats": {
      "mean": 0.0039212199,
      "median": 0.0037954215,
      "std": 0.0003009824407083742,
      "min": 0.003487242,
      "max": 0.004842043,
      "percentiles": {
        "1": 0.00348780828,
        "5": 0.003499035,
        "10": 0.0036317288,
        "25": 0.0037778819999999998,
        "50": 0.0037954215,
        "75": 0.00393500575,
        "90": 0.0043873519,
        "95": 0.00455284545,
        "99": 0.004666151680000001
      }
    },
    "completion_time_stats": {
      "mean": 0.28060128981,
      "median": 0.046559605000000004,
      "std": 0.4186457112572183,
      "min": 0.022576712,
      "max": 1.691659933,
      "percentiles": {
        "1": 0.024773027,
        "5": 0.025433368550000002,
        "10": 0.0301726085,
        "25": 0.033995495,
        "50": 0.046559605000000004,
        "75": 0.3994899365,
        "90": 1.009999577,
        "95": 1.1719309475999995,
        "99": 1.5381047108500008
      }
    },
    "server_total_time_stats": {
      "mean": 0.28452250971000004,
      "median": 0.050340027999999995,
      "std": 0.4186528778801228,
      "min": 0.026214943,
      "max": 1.6954432000000002,
      "percentiles": {
        "1": 0.028549111539999998,
        "5": 0.02925040105,
        "10": 0.0339660231,
        "25": 0.037696412,
        "50": 0.050340027999999995,
        "75": 0.40301795500000004,
        "90": 1.0137569816000003,
        "95": 1.1757702685999996,
        "99": 1.5418805350300009
      }
    },
    "network_time_stats": {
      "mean": 0.14261189817851586,
      "median": 0.13308254049992518,
      "std": 0.02523334606446732,
      "min": 0.1227744550113441,
      "max": 0.2604122649991177,
      "percentiles": {
        "1": 0.12370728547814286,
        "5": 0.12489581099612594,
        "10": 0.12629493567957542,
        "25": 0.12860046375737313,
        "50": 0.13308254049992518,
        "75": 0.14574481924599145,
        "90": 0.16225913287291313,
        "95": 0.20298443720452716,
        "99": 0.22911630083727866
      }
    },
    "cache_hit_count": 0,
    "cache_hit_rate": 0.0
  },
  "timestamp": "2025-11-09 22:33:27"
}