{
  "metrics": {
    "model": "meta-llama/llama-prompt-guard-2-86m",
    "language": null,
    "duration": 1.610430125030689,
    "total_requests": 100,
    "successful_requests": 100,
    "failed_requests": 0,
    "total_prompt_tokens": 1375,
    "total_completion_tokens": 0,
    "total_tokens": 0,
    "request_throughput": 62.0952119844966,
    "prompt_token_throughput": 853.8091647868283,
    "completion_token_throughput": 0.0,
    "total_token_throughput": 0.0,
    "ttft_stats": {
      "mean": 0.6140521279501263,
      "median": 0.5756956459954381,
      "std": 0.16499009965986428,
      "min": 0.34383545798482373,
      "max": 1.2493943329900503,
      "percentiles": {
        "1": 0.34787799927347807,
        "5": 0.38146456734102685,
        "10": 0.44164015027927234,
        "25": 0.4901219372404739,
        "50": 0.5756956459954381,
        "75": 0.7193278124905191,
        "90": 0.820459741621744,
        "95": 0.909329489612719,
        "99": 1.0086643242440199
      }
    },
    "e2el_stats": {
      "mean": 0.6140521279501263,
      "median": 0.5756956459954381,
      "std": 0.16499009965986428,
      "min": 0.34383545798482373,
      "max": 1.2493943329900503,
      "percentiles": {
        "1": 0.34787799927347807,
        "5": 0.38146456734102685,
        "10": 0.44164015027927234,
        "25": 0.4901219372404739,
        "50": 0.5756956459954381,
        "75": 0.7193278124905191,
        "90": 0.820459741621744,
        "95": 0.909329489612719,
        "99": 1.0086643242440199
      }
    },
    "tpot_stats": null,
    "itl_stats": null,
    "queue_time_stats": {
      "mean": 0.0,
      "median": 0.0,
      "std": 0.0,
      "min": 0.0,
      "max": 0.0,
      "percentiles": {
        "1": 0.0,
        "5": 0.0,
        "10": 0.0,
        "25": 0.0,
        "50": 0.0,
        "75": 0.0,
        "90": 0.0,
        "95": 0.0,
        "99": 0.0
      }
    },
    "prompt_time_stats": {
      "mean": 0.0,
      "median": 0.0,
      "std": 0.0,
      "min": 0.0,
      "max": 0.0,
      "percentiles": {
        "1": 0.0,
        "5": 0.0,
        "10": 0.0,
        "25": 0.0,
        "50": 0.0,
        "75": 0.0,
        "90": 0.0,
        "95": 0.0,
        "99": 0.0
      }
    },
    "completion_time_stats": {
      "mean": 0.0,
      "median": 0.0,
      "std": 0.0,
      "min": 0.0,
      "max": 0.0,
      "percentiles": {
        "1": 0.0,
        "5": 0.0,
        "10": 0.0,
        "25": 0.0,
        "50": 0.0,
        "75": 0.0,
        "90": 0.0,
        "95": 0.0,
        "99": 0.0
      }
    },
    "server_total_time_stats": {
      "mean": 0.0,
      "median": 0.0,
      "std": 0.0,
      "min": 0.0,
      "max": 0.0,
      "percentiles": {
        "1": 0.0,
        "5": 0.0,
        "10": 0.0,
        "25": 0.0,
        "50": 0.0,
        "75": 0.0,
        "90": 0.0,
        "95": 0.0,
        "99": 0.0
      }
    },
    "network_time_stats": {
      "mean": 0.6140521279501263,
      "median": 0.5756956459954381,
      "std": 0.16499009965986428,
      "min": 0.34383545798482373,
      "max": 1.2493943329900503,
      "percentiles": {
        "1": 0.34787799927347807,
        "5": 0.38146456734102685,
        "10": 0.44164015027927234,
        "25": 0.4901219372404739,
        "50": 0.5756956459954381,
        "75": 0.7193278124905191,
        "90": 0.820459741621744,
        "95": 0.909329489612719,
        "99": 1.0086643242440199
      }
    },
    "cache_hit_count": 0,
    "cache_hit_rate": 0.0
  },
  "timestamp": "2025-11-09 22:29:58"
}